"YourAutoDate","Last Updated Date","Finance Job Sub-Function","Keyword","Language","Priority"
2022-10-19T11:38:10.000Z,3/14/2017,"Risk Management","A.M.L","English",1
2022-10-19T11:38:10.000Z,3/14/2017,"Accounting","acconting","English",1
2022-10-19T11:38:10.000Z,3/14/2017,"Accounting","accontant","English",1
2022-10-19T11:38:10.000Z,3/14/2017,"Accounting","accountant","English",1
2022-10-19T11:38:10.000Z,3/14/2017,"Accounting","account","English",3
2022-10-19T11:38:10.000Z,3/14/2017,"Accounting","accounting","English",1
2022-10-19T11:38:10.000Z,3/14/2017,"Fiinance Operations","accounting op","English",1
2022-10-19T11:38:10.000Z,3/14/2017,"Accounting","acountant","English",1
2022-10-19T11:38:10.000Z,3/14/2017,"Accounting","accout","English",5
2022-10-19T11:38:10.000Z,3/14/2017,"Accounting","acounting","English",1
2022-10-19T11:38:10.000Z,3/14/2017,"Accounting","acount","English",5
2022-10-19T11:38:10.000Z,3/14/2017,"Risk Management","actua","English",3
2022-10-19T11:38:10.000Z,3/14/2017,"Risk Management","actuarial","English",3
2022-10-19T11:38:10.000Z,3/14/2017,"Risk Management","actuary","English",3
2022-10-19T11:38:10.000Z,3/14/2017,"Compliance","affair","English",3
2022-10-19T11:38:10.000Z,3/14/2017,"Accounting","ap","English",10
2022-10-19T11:38:10.000Z,3/14/2017,"Risk Management","AML","English",5
2022-10-19T11:38:10.000Z,3/14/2017,"Accounting","ar ap","English",1
2022-10-19T11:38:10.000Z,3/14/2017,"Accounting","ar","English",10
2022-10-19T11:38:10.000Z,3/14/2017,"Accounting","biller","English",1
2022-10-19T11:38:10.000Z,3/14/2017,"Accounting","ar / ap","English",1
2022-10-19T11:38:10.000Z,3/14/2017,"Accounting","billing","English",3
2022-10-19T11:38:10.000Z,3/14/2017,"Accounting","ar/ap","English",1
2022-10-19T11:38:10.000Z,3/14/2017,"Accounting","bookkeeper","English",1
2022-10-19T11:38:10.000Z,3/14/2017,"Audit","assurance","English",3
2022-10-19T11:38:10.000Z,3/14/2017,"Financial Planning","budget","English",3
2022-10-19T11:38:10.000Z,3/14/2017,"Audit","audit","English",3
2022-10-19T11:38:10.000Z,3/14/2017,"Accounting","bursar","English",3
2022-10-19T11:38:10.000Z,3/14/2017,"Audit","auditor","English",1
2022-10-19T11:38:10.000Z,3/14/2017,"Finance General","C.F.O","English",1
2022-10-19T11:38:10.000Z,3/14/2017,"Accounting","bank","English",3
2022-10-19T11:38:10.000Z,3/14/2017,"Accounting","C.M.A","English",1
2022-10-19T11:38:10.000Z,3/14/2017,"Accounting","book","English",5
2022-10-19T11:38:10.000Z,3/14/2017,"Accounting","C.P.A","English",1
2022-10-19T11:38:10.000Z,3/14/2017,"Accounting","book keeper","English",1
2022-10-19T11:38:10.000Z,3/14/2017,"Accounting","cash flow","English",1
2022-10-19T11:38:10.000Z,3/14/2017,"Financial Planning","budgeting","English",3
2022-10-19T11:38:10.000Z,3/14/2017,"Accounting","collect","English",3
2022-10-19T11:38:10.000Z,3/14/2017,"Financial Planning","budgeting","English",3
2022-10-19T11:38:10.000Z,3/14/2017,"Accounting","collections","English",3
2022-10-19T11:38:10.000Z,3/14/2017,"Accounting","cash","English",3
2022-10-19T11:38:10.000Z,3/14/2017,"Accounting","cost","English",3
2022-10-19T11:38:10.000Z,3/14/2017,"Accounting","cash management","English",1
2022-10-19T11:38:10.000Z,3/14/2017,"Accounting","CPA","English",5
2022-10-19T11:38:10.000Z,3/14/2017,"Accounting","cashflow","English",1
2022-10-19T11:38:10.000Z,3/14/2017,"Risk Management","credit","English",5
2022-10-19T11:38:10.000Z,3/14/2017,"Finance General","cfo","English",5
2022-10-19T11:38:10.000Z,3/14/2017,"Investment","currency","English",3
2022-10-19T11:38:10.000Z,3/14/2017,"Accounting","charge","English",3
2022-10-19T11:38:10.000Z,3/14/2017,"Accounting","data entry","English",3
2022-10-19T11:38:10.000Z,3/14/2017,"Accounting","CMA","English",5
2022-10-19T11:38:10.000Z,3/14/2017,"Risk Management","detect","English",3
2022-10-19T11:38:10.000Z,3/14/2017,"Compliance","compliance","English",3
2022-10-19T11:38:10.000Z,3/14/2017,"Risk Management","detection","English",3
2022-10-19T11:38:10.000Z,3/14/2017,"Accounting","comptroller","English",1
2022-10-19T11:38:10.000Z,3/14/2017,"Finance General","finance","English",5
2022-10-19T11:38:10.000Z,3/14/2017,"Contracts","contract","English",3
2022-10-19T11:38:10.000Z,3/14/2017,"Fiinance Operations","finance operations","English",1
2022-10-19T11:38:10.000Z,3/14/2017,"Accounting","controller","English",1
2022-10-19T11:38:10.000Z,3/14/2017,"Fiinance Operations","analyst","English",5
2022-10-19T11:38:10.000Z,3/14/2017,"Accounting","expense","English",3
2022-10-19T11:38:10.000Z,3/14/2017,"Fiinance Operations","project","English",5
2022-10-19T11:38:10.000Z,3/14/2017,"Real Estate","facilities","English",5
2022-10-19T11:38:10.000Z,3/14/2017,"Finance General","financial","English",5
2022-10-19T11:38:10.000Z,3/14/2017,"Fiinance Operations","finance op","English",1
2022-10-19T11:38:10.000Z,3/14/2017,"Fiinance Operations","financial op","English",1
2022-10-19T11:38:10.000Z,3/14/2017,"Fiinance Operations","financial app","English",3
2022-10-19T11:38:10.000Z,3/14/2017,"Fiinance Operations","financial operations","English",1
2022-10-19T11:38:10.000Z,3/14/2017,"Fiinance Operations","financial system","English",3
2022-10-19T11:38:10.000Z,3/14/2017,"Audit","gift","English",3
2022-10-19T11:38:10.000Z,3/14/2017,"Accounting","foreign exchange","English",1
2022-10-19T11:38:10.000Z,3/14/2017,"Compliance","government","English",5
2022-10-19T11:38:10.000Z,3/14/2017,"Audit","forensic","English",1
2022-10-19T11:38:10.000Z,3/14/2017,"Accounting","invoice","English",1
2022-10-19T11:38:10.000Z,3/14/2017,"Accounting","forex","English",1
2022-10-19T11:38:10.000Z,3/14/2017,"Accounting","invoicing","English",1
2022-10-19T11:38:10.000Z,3/14/2017,"Risk Management","fraud","English",3
2022-10-19T11:38:10.000Z,3/14/2017,"Investment","lending","English",3
2022-10-19T11:38:10.000Z,3/14/2017,"Audit","governance","English",3
2022-10-19T11:38:10.000Z,3/14/2017,"Compliance","oxley","English",1
2022-10-19T11:38:10.000Z,3/14/2017,"Contracts","grant","English",3
2022-10-19T11:38:10.000Z,3/14/2017,"Payroll","payroll","English",3
2022-10-19T11:38:10.000Z,3/14/2017,"Accounting","keeper","English",5
2022-10-19T11:38:10.000Z,3/14/2017,"Risk Management","prevention","English",3
2022-10-19T11:38:10.000Z,3/14/2017,"Accounting","loan","English",3
2022-10-19T11:38:10.000Z,3/14/2017,"Accounting","processing","English",3
2022-10-19T11:38:10.000Z,3/14/2017,"Investment","loan","English",3
2022-10-19T11:38:10.000Z,3/14/2017,"Real Estate","real estate","English",5
2022-10-19T11:38:10.000Z,3/14/2017,"Risk Management","loss","English",3
2022-10-19T11:38:10.000Z,3/14/2017,"Audit","reporting","English",3
2022-10-19T11:38:10.000Z,3/14/2017,"Risk Management","money laundering","English",1
2022-10-19T11:38:10.000Z,3/14/2017,"Accounting","revenue","English",3
2022-10-19T11:38:10.000Z,3/14/2017,"Accounting","payable","English",1
2022-10-19T11:38:10.000Z,3/14/2017,"Risk Management","risk","English",3
2022-10-19T11:38:10.000Z,3/14/2017,"Accounting","payment","English",3
2022-10-19T11:38:10.000Z,3/14/2017,"Compliance","sarbanese","English",1
2022-10-19T11:38:10.000Z,3/14/2017,"Financial Planning","plan","English",5
2022-10-19T11:38:10.000Z,3/14/2017,"Compliance","sox","English",1
2022-10-19T11:38:10.000Z,3/14/2017,"Financial Planning","planner","English",3
2022-10-19T11:38:10.000Z,3/14/2017,"Financial Planning","planning","English",3
2022-10-19T11:38:10.000Z,3/14/2017,"Investment","portfolio","English",3
2022-10-19T11:38:10.000Z,3/14/2017,"Risk Management","prevent","English",3
2022-10-19T11:38:10.000Z,3/14/2017,"Accounting","Quickbook","English",1
2022-10-19T11:38:10.000Z,3/14/2017,"Accounting","receivable","English",1
2022-10-19T11:38:10.000Z,3/14/2017,"Accounting","recievable","English",3
2022-10-19T11:38:10.000Z,3/14/2017,"Compliance","state","English",5
2022-10-19T11:38:10.000Z,3/14/2017,"Tax","tax","English",3
2022-10-19T11:38:10.000Z,3/14/2017,"Accounting","treasur","English",1
2022-10-19T11:38:10.000Z,3/14/2017,"Accounting","treasury","English",3
